{"count":1,"self":49.417897599999996,"total":194.0989371,"children":{"InitializeActuators":{"count":1,"self":0.0009999,"total":0.0009999,"children":null},"InitializeSensors":{"count":1,"self":0.0010059,"total":0.0010059,"children":null},"AgentSendState":{"count":122984,"self":0.18692609999999998,"total":0.7185191,"children":{"CollectObservations":{"count":24597,"self":0.044680899999999996,"total":0.044680899999999996,"children":null},"WriteActionMask":{"count":24597,"self":0.015939099999999998,"total":0.015939099999999998,"children":null},"RequestDecision":{"count":24597,"self":0.094014099999999989,"total":0.470973,"children":{"AgentInfo.ToProto":{"count":24597,"self":0.142259,"total":0.3769589,"children":{"GenerateSensorData":{"count":24597,"self":0.2346999,"total":0.2346999,"children":null}}}}}}},"DecideAction":{"count":122984,"self":143.3912832,"total":143.3912779,"children":null},"AgentAct":{"count":122984,"self":0.5452402,"total":0.5472404,"children":{"AgentInfo.ToProto":{"count":190,"self":0.0009987,"total":0.0020001999999999997,"children":{"GenerateSensorData":{"count":190,"self":0.0010015,"total":0.0010015,"children":null}}}}},"AgentInfo.ToProto":{"count":1026,"self":0.0070839,"total":0.019995199999999998,"children":{"GenerateSensorData":{"count":1026,"self":0.012911299999999999,"total":0.012911299999999999,"children":null}}}},"gauges":{"Move.CumulativeReward":{"count":1216,"max":1.19999993,"min":-25.70006,"runningAverage":-10.4422092,"value":-1.50000012,"weightedAverage":-6.22276163}},"metadata":{"timer_format_version":"0.1.0","start_time_seconds":"1680066418","unity_version":"2021.3.10f1","command_line_arguments":"C:\\Program Files\\Unity\\Hub\\Editor\\2021.3.10f1\\Editor\\Unity.exe -projectpath C:\\Users\\iansi\\Documents\\Github\\drl_unity\\drl_practice -useHub -hubIPC -cloudEnvironment production -licensingIpc LicenseClient-iansi -hubSessionId 416a3570-cdce-11ed-a6a2-b9876370bba0 -accessToken ZJjUMJ6RG0l-HgYzo6WVfwM0o7lg2crdCACeSshTn2I011f","communication_protocol_version":"1.5.0","com.unity.ml-agents_version":"2.0.0","scene_name":"SampleScene","end_time_seconds":"1680066612"}}